{
  "bound_saturation": 0.007072135785007072,
  "cascade_activation_count": 47,
  "cascade_activation_rate": 0.06647807637906648,
  "critical_correction": 0.6498777058823529,
  "critical_count": 102,
  "critical_gate_false_positives": 23,
  "critical_gate_recall": 0.23529411764705882,
  "critical_miss_proxy_count": 1,
  "insufficient_correction_count": 0,
  "mae": 14.563174664497879,
  "mean_activated_correction": 4.6629025,
  "mean_signed_error": -1.4470793091937766,
  "nasa_score": 7584.776467598388,
  "new_fixed_policy_misses": 0,
  "noncritical_correction": 0.2526758537190083,
  "optimistic_rate": 0.49787835926449786,
  "phase5c_mae": 14.488493502545971,
  "phase5c_misses_corrected": 24,
  "phase5c_misses_remaining": 1,
  "phase5c_rmse": 20.913383755183986,
  "phase5c_severe_optimistic_rate": 0.056577086280056574,
  "rmse": 20.96032224567446,
  "safe_row_unnecessary_correction_rate": 0.0,
  "severe_optimistic_rate": 0.056577086280056574,
  "unchanged_rate": 0.9335219236209336
}
